provider,female,male,non-binary,unknown
anthropic,-0.01470216698222595,-0.02200136747223502,-0.0024424099438856667,0.03914594439834678
openai,-0.015331906453726202,-0.0154045717939544,-0.00244439918198385,0.03318087742966453
gemini,-0.0120889715675387,-0.0182333165103756,-0.0011190045073417832,0.03144129258525613
