provider,left,center-left,right,unknown
anthropic,0.06762117583971207,0.010096238859422166,-0.08588868652686178,-0.024114955416880152
openai,0.08043078811949768,0.0023803978904593168,-0.03520433052925382,-0.047089475817024364
gemini,0.07385790523101023,9.404214472653333e-05,-0.01825044871181025,-0.0532451797646779
