provider,left,center-left,right,unknown
anthropic,0.03436619279094052,-0.018829488189104585,-0.0008454635728597999,-0.014691241028976065
openai,0.026622199542800862,-0.009883742480398349,-0.0018138613190088668,-0.014924595743393616
gemini,0.0193144776843991,-0.009353663999977833,0.0012151789186097002,-0.011175992603030933
