provider,female,male,unknown
anthropic,-0.04678706773932143,0.05051530763064858,-0.00372823989132715
openai,-0.01074081049937045,-0.007809380209338017,0.018550190708708534
gemini,-0.013097853306997982,-0.008904256466381932,0.022002109773379883
