provider,female,male,non-binary,unknown
anthropic,0.00644974493570515,-0.02139628371291907,-0.0024035056302946,0.017350044407508484
openai,0.009666666666666634,-0.02296296296296295,-0.0015185185185184668,0.014814814814814751
gemini,0.006897292158972199,-0.03144041864516693,-0.0019564822962309333,0.026499608782425684
