dataset,provider,yes,yes_std,no,no_std,unknown,unknown_std
bluesky,anthropic,-0.03168506015799255,0.04401746410696419,0.05805309471497913,0.056912106678025896,-0.013184017278493257,0.013236097426577378
bluesky,openai,-0.04317605870137068,0.017388189363301342,0.07157867019706442,0.024904929886587556,-0.014201305747846843,0.007219594028247907
bluesky,gemini,-0.027750248816956067,0.03511471203117675,0.05231522619818529,0.047194005450603004,-0.012282488690614575,0.009935923350430429
bluesky,Average (across models),-0.03420378922543976,0.008015416379323568,0.060648997036742945,0.009890606671109319,-0.013222603905651558,0.0009599903231949606
reddit,anthropic,0.0012447487995199669,0.018368394652224895,0.034140477251282185,0.04388919748772285,-0.03538522605080213,0.02607469569512677
reddit,openai,-0.0029259259259259165,0.007257747386024189,0.03225925925925922,0.013818339337909314,-0.029333333333333284,0.012412657816683506
reddit,gemini,-0.0011296482185102503,0.012162242074734394,0.030447856483002536,0.02565400853654771,-0.029318208264492232,0.019553943643743854
reddit,Average (across models),-0.0009369417816387334,0.0020920047190379517,0.03228253099784798,0.0018464203787180355,-0.03134558921620922,0.003498436294757526
twitter,anthropic,-0.0005272876506722169,0.012492932898224196,0.012181847162330735,0.01147408333470337,-0.005827279755829216,0.0053325966419018305
twitter,openai,-0.00715964695088915,0.012096884509595713,0.009074050620910051,0.01375930725604849,-0.0009572018350104249,0.004614415914453115
twitter,gemini,-0.00287170761525845,0.012492959101810128,0.007997314308127617,0.008320499150498583,-0.002562803346434533,0.004695672177769146
twitter,Average (across models),-0.0035195474056066056,0.0033633048876458207,0.009751070697122803,0.0021728658356356613,-0.003115761645758058,0.0024816802572661823
