provider,yes,no
anthropic,0.0012447487995199669,0.034140477251282185
openai,-0.0029259259259259165,0.03225925925925922
gemini,-0.00112964821851025,0.030447856483002533
