provider,yes,no,unknown
anthropic,-0.0005272876506722166,0.012181847162330735,-0.0010684874515034
openai,-0.007159646950889151,0.009074050620910051,0.0015193507652789334
gemini,-0.00287170761525845,0.007997314308127616,-0.00058204350547405
