dataset,provider,female,female_std,male,male_std,non-binary,non-binary_std,unknown,unknown_std
bluesky,anthropic,-0.014702166982225949,0.0023240190454437808,-0.02200136747223502,0.006318257223512287,-0.0024424099438856667,1.5693830490295125e-06,0.03914594439834678,0.007214308894421868
bluesky,openai,-0.015331906453726202,0.0035651583527524064,-0.0154045717939544,0.0038135522495188388,-0.00244439918198385,1.1086993285052876e-07,0.03318087742966453,0.00607290684566471
bluesky,gemini,-0.0120889715675387,0.006068398589494249,-0.0182333165103756,0.0077230761851415485,-0.0011190045073417832,0.002196254437412248,0.03144129258525613,0.013908109308442272
bluesky,Average (across models),-0.014041015001163617,0.001719592430071722,-0.01854641859218834,0.0033095245867755794,-0.0020019378777371,0.0007646433754929667,0.03458937147108915,0.004040829925743813
reddit,anthropic,0.00644974493570515,0.0073448441540612565,-0.02139628371291907,0.008996964440448143,-0.0024035056302946,0.003387724538077712,0.017350044407508484,0.01353830342773279
reddit,openai,0.009666666666666634,0.004700932400290246,-0.02296296296296295,0.011014393874743345,-0.0015185185185184666,0.0021848712894448185,0.014814814814814751,0.01476426561311634
reddit,gemini,0.006897292158972199,0.005033376912633088,-0.03144041864516693,0.009639179484093537,-0.0019564822962309333,0.003421167942844713,0.026499608782425684,0.008876850642721876
reddit,Average (across models),0.0076712345871146614,0.00174252303208375,-0.02526655510701632,0.005403800903892439,-0.0019595021483480002,0.00044250128432872645,0.01955482266824964,0.006146493951892966
twitter,anthropic,-0.04678706773932143,0.030793215212889878,0.05051530763064859,0.04505180076686914,,,-0.00372823989132715,0.03840792856224735
twitter,openai,-0.010740810499370451,0.021617765702978135,-0.007809380209338017,0.013662387948798265,,,0.018550190708708534,0.023139100930955427
twitter,gemini,-0.013097853306997982,0.040219651846960636,-0.008904256466381934,0.02580714836599855,,,0.022002109773379883,0.03170114434728088
twitter,Average (across models),-0.023541910515229955,0.020165364203971033,0.01126722365164288,0.033994245991371436,,,0.012274686863587089,0.013966001032851992
