provider,yes,no,unknown
anthropic,-0.03168506015799255,0.05805309471497913,-0.0097450517273897
openai,-0.04317605870137068,0.07157867019706442,-0.0105895510553326
gemini,-0.027750248816956063,0.05231522619818529,-0.008099815393378416
