provider,left,center-left
anthropic,-0.012227972909425034,0.019779425746683232
openai,-0.005888888888888917,0.0129629629629629
gemini,-0.0035013306987485824,0.00970237733923985
