provider,provider_display,neutral,general,popular,engaging,informative,controversial
anthropic,Anthropic Claude Sonnet 4.5,-0.0067376560849973,0.02176208669322623,-0.009049306935890932,-0.15271356807805253,0.039343834009315834,-0.0585969002516003
openai,OpenAI GPT-4o-mini,-0.08830333169772366,0.013798107407407398,0.0140303296296296,-0.027324549023366906,0.002985731577546133,-0.09581981851851847
gemini,Google Gemini 2.0 Flash,-0.1262132326526023,0.029362431481699935,-0.013013688108344098,-0.13392078711673663,0.04015100303672176,-0.1299024717078504
